Market Name,Contract,ExpiryDate,Put/Call,Strike Price,Open Interest ,Delta,Spot Price
ABG43454,ABG,20-Dec-18,P,133.76,-90996928,-0.08,Physical
ABG43454,ABG,20-Dec-18,P,139.71,-37232715,-0.15,Cash
ABG43454,ABG,20-Dec-18,P,141,-2115000,-0.17,Physical
ABG43454,ABG,20-Dec-18,P,143,-5720000,-0.21,Physical
ABG43454,ABG,20-Dec-18,P,143.34,-81001434,-0.21,Cash
ABG43454,ABG,20-Dec-18,P,145,-100412500,-0.24,Physical
ABG43544,ABG,20-Mar-19,P,129.88,-12598360,-0.17,Physical
ABG43544,ABG,20-Mar-19,P,135,-97483500,-0.22,Physical
ABG43544,ABG,20-Mar-19,P,140,-143542000,-0.26,Physical
ABG43544,ABG,20-Mar-19,P,155,-294670500,-0.42,Physical
ABG43544,ABG,20-Mar-19,C,158,161997400,0.55,Physical
ABG43544,ABG,20-Mar-19,C,175,278565000,0.36,Physical
ABG43544,ABG,20-Mar-19,C,180,246060000,0.31,Physical
ABG43544,ABG,20-Mar-19,C,190,56145000,0.22,Physical
ABG43544,ABG,20-Mar-19,C,195,367204500,0.18,Physical
ABG43636,ABG,20-Jun-19,P,129.88,-27002052,-0.22,Physical
ABG43636,ABG,20-Jun-19,P,130,-48386000,-0.22,Physical
ABG43636,ABG,20-Jun-19,C,146,54341200,0.64,Physical
ABG43636,ABG,20-Jun-19,C,162.04,27546800,0.47,Cash
ABG43636,ABG,20-Jun-19,C,165,61413000,0.44,Physical
ABG43636,ABG,20-Jun-19,C,197.69,33607300,0,Cash
AGL43454,AGL,20-Dec-18,P,266,-2394000,-0.1,Cash
AGL43454,AGL,20-Dec-18,P,280,-123256000,-0.21,Physical
AGL43454,AGL,20-Dec-18,P,300,-46530000,-0.44,Physical
AGL43454,AGL,20-Dec-18,P,300,-3000000,-0.44,Cash
AGL43454,AGL,20-Dec-18,C,342.53,3082770,0.11,Physical
AGL43454,AGL,20-Dec-18,C,357.57,3575700,0.05,Physical
AGL43454,AGL,20-Dec-18,C,360,3600000,0.04,Cash
AGL43544,AGL,20-Mar-19,P,280,-43624000,-0.32,Physical
ALSI43454,ALSI,20-Dec-18,C,40700,369,0.91,Cash
ALSI43454,ALSI,20-Dec-18,P,41000,-400,-0.1,Cash
ALSI43454,ALSI,20-Dec-18,C,42000,200,0.85,Cash
ALSI43454,ALSI,20-Dec-18,P,42000,-2000,-0.15,Cash
ALSI43454,ALSI,20-Dec-18,P,42300,-667,-0.17,Cash
ALSI43454,ALSI,20-Dec-18,P,43000,-550,-0.23,Cash
ALSI43454,ALSI,20-Dec-18,P,43150,-100,-0.25,Cash
ALSI43454,ALSI,20-Dec-18,P,43800,-988,-0.31,Cash
ALSI43454,ALSI,20-Dec-18,P,44000,-1500,-0.34,Cash
ALSI43454,ALSI,20-Dec-18,P,45000,-2618,-0.47,Cash
ALSI43454,ALSI,20-Dec-18,P,45050,-667,-0.48,Cash
ALSI43454,ALSI,20-Dec-18,C,45350,1,0.48,Cash
ALSI43454,ALSI,20-Dec-18,P,45500,-1500,-0.55,Cash
ALSI43454,ALSI,20-Dec-18,C,46000,1050,0.38,Cash
ALSI43454,ALSI,20-Dec-18,P,46000,-3000,-0.62,Cash
ALSI43454,ALSI,20-Dec-18,P,46300,-475,-0.66,Cash
ALSI43454,ALSI,20-Dec-18,P,46450,-560,-0.68,Cash
ALSI43454,ALSI,20-Dec-18,P,46500,-1000,-0.69,Cash
ALSI43454,ALSI,20-Dec-18,P,46600,-800,-0.7,Cash
ALSI43454,ALSI,20-Dec-18,P,46900,-200,-0.74,Cash
ALSI43454,ALSI,20-Dec-18,C,47000,1000,0.25,Cash
ALSI43454,ALSI,20-Dec-18,P,47000,-4095,-0.75,Cash
ALSI43454,ALSI,20-Dec-18,P,47500,-356,-0.81,Cash
ALSI43454,ALSI,20-Dec-18,C,47800,10,0.16,Cash
ALSI43454,ALSI,20-Dec-18,C,47900,300,0.15,Cash
ALSI43454,ALSI,20-Dec-18,P,47900,-599,-0.85,Cash
ALSI43454,ALSI,20-Dec-18,C,48000,4500,0.14,Cash
ALSI43454,ALSI,20-Dec-18,P,48000,-4400,-0.86,Cash
ALSI43454,ALSI,20-Dec-18,P,48200,-100,-0.88,Cash
ALSI43454,ALSI,20-Dec-18,C,48350,667,0.11,Cash
ALSI43454,ALSI,20-Dec-18,P,48500,-3870,-0.9,Cash
ALSI43454,ALSI,20-Dec-18,P,48700,-1077,-0.91,Cash
ALSI43454,ALSI,20-Dec-18,P,48950,-640,-0.93,Cash
ALSI43454,ALSI,20-Dec-18,C,49000,1145,0.07,Cash
ALSI43454,ALSI,20-Dec-18,P,49000,-5115,-0.93,Cash
ALSI43454,ALSI,20-Dec-18,P,49200,-560,-0.94,Cash
ALSI43454,ALSI,20-Dec-18,P,49250,-32,-0.95,Cash
ALSI43454,ALSI,20-Dec-18,P,49600,-400,-0.96,Cash
ALSI43454,ALSI,20-Dec-18,P,49700,-34,-0.96,Cash
ALSI43454,ALSI,20-Dec-18,P,49850,-844,-0.97,Cash
ALSI43454,ALSI,20-Dec-18,C,50000,5000,0.03,Cash
ALSI43454,ALSI,20-Dec-18,P,50000,-7005,-0.97,Cash
ALSI43454,ALSI,20-Dec-18,P,50250,-915,-0.97,Cash
ALSI43454,ALSI,20-Dec-18,C,50500,500,0.02,Cash
ALSI43454,ALSI,20-Dec-18,P,50500,-2987,-0.98,Cash
ALSI43454,ALSI,20-Dec-18,C,51000,8000,0.01,Cash
ALSI43454,ALSI,20-Dec-18,P,51000,-8219,-0.99,Cash
ALSI43454,ALSI,20-Dec-18,P,51150,-300,-0.99,Cash
ALSI43454,ALSI,20-Dec-18,C,51450,915,0.01,Cash
ALSI43454,ALSI,20-Dec-18,C,51500,5900,0.01,Cash
ALSI43454,ALSI,20-Dec-18,C,51800,48,0.01,Cash
ALSI43454,ALSI,20-Dec-18,P,51800,-943,-0.99,Cash
ALSI43454,ALSI,20-Dec-18,C,51900,200,0.01,Cash
ALSI43454,ALSI,20-Dec-18,C,52000,4010,0.01,Cash
ALSI43454,ALSI,20-Dec-18,P,52000,-4095,-0.99,Cash
ALSI43454,ALSI,20-Dec-18,C,52700,40,0,Cash
ALSI43454,ALSI,20-Dec-18,P,52700,-582,-1,Cash
ALSI43454,ALSI,20-Dec-18,C,53000,4010,0,Cash
ALSI43454,ALSI,20-Dec-18,P,53000,-1000,-1,Cash
ALSI43454,ALSI,20-Dec-18,C,53200,560,0,Cash
ALSI43454,ALSI,20-Dec-18,P,53200,-599,-1,Cash
ALSI43454,ALSI,20-Dec-18,C,53350,16,0,Cash
ALSI43454,ALSI,20-Dec-18,C,54000,8500,0,Cash
ALSI43454,ALSI,20-Dec-18,P,54000,-2550,-1,Cash
ALSI43454,ALSI,20-Dec-18,C,55000,6500,0,Cash
ALSI43454,ALSI,20-Dec-18,C,55850,80,0,Cash
ALSI43454,ALSI,20-Dec-18,C,56000,500,0,Cash
ALSI43454,ALSI,20-Dec-18,C,56250,475,0,Cash
ALSI43454,ALSI,20-Dec-18,C,56500,800,0,Cash
ALSI43454,ALSI,20-Dec-18,C,56850,640,0,Cash
ALSI43454,ALSI,20-Dec-18,C,57000,500,0,Cash
ALSI43454,ALSI,20-Dec-18,C,57150,100,0,Cash
ALSI43454,ALSI,20-Dec-18,C,57300,2000,0,Cash
ALSI43454,ALSI,20-Dec-18,C,57400,330,0,Cash
ALSI43454,ALSI,20-Dec-18,C,57450,236,0,Cash
ALSI43544,ALSI,20-Mar-19,P,40000,-200,-0.17,Cash
ALSI43544,ALSI,20-Mar-19,P,41400,-46,-0.22,Cash
ALSI43544,ALSI,20-Mar-19,P,42000,-2500,-0.25,Cash
ALSI43544,ALSI,20-Mar-19,P,43000,-2200,-0.3,Cash
ALSI43544,ALSI,20-Mar-19,P,44000,-2000,-0.37,Cash
ALSI43544,ALSI,20-Mar-19,P,44200,-2000,-0.38,Cash
ALSI43544,ALSI,20-Mar-19,P,44500,-158,-0.4,Cash
ALSI43544,ALSI,20-Mar-19,P,44800,-369,-0.42,Cash
ALSI43544,ALSI,20-Mar-19,C,45000,3716,0.57,Cash
ALSI43544,ALSI,20-Mar-19,P,45000,-8155,-0.43,Cash
ALSI43544,ALSI,20-Mar-19,P,45500,-60,-0.47,Cash
ALSI43544,ALSI,20-Mar-19,C,46000,1350,0.49,Cash
ALSI43544,ALSI,20-Mar-19,P,46000,-2500,-0.51,Cash
ALSI43544,ALSI,20-Mar-19,P,46500,-3000,-0.54,Cash
ALSI43544,ALSI,20-Mar-19,P,46600,-2000,-0.55,Cash
ALSI43544,ALSI,20-Mar-19,C,47000,3330,0.42,Cash
ALSI43544,ALSI,20-Mar-19,P,47000,-1000,-0.58,Cash
ALSI43544,ALSI,20-Mar-19,C,48000,3201,0.34,Cash
ALSI43544,ALSI,20-Mar-19,P,48000,-2525,-0.66,Cash
ALSI43544,ALSI,20-Mar-19,C,49000,5216,0.27,Cash
ALSI43544,ALSI,20-Mar-19,P,49000,-1650,-0.73,Cash
ALSI43544,ALSI,20-Mar-19,C,50000,6866,0.21,Cash
ALSI43544,ALSI,20-Mar-19,P,50000,-6000,-0.79,Cash
ALSI43544,ALSI,20-Mar-19,C,51000,1330,0.15,Cash
ALSI43544,ALSI,20-Mar-19,P,51000,-1250,-0.85,Cash
ALSI43544,ALSI,20-Mar-19,P,51750,-46,-0.88,Cash
ALSI43544,ALSI,20-Mar-19,C,51800,2016,0.12,Cash
ALSI43544,ALSI,20-Mar-19,C,52000,7926,0.11,Cash
ALSI43544,ALSI,20-Mar-19,P,52000,-2270,-0.89,Cash
ALSI43544,ALSI,20-Mar-19,C,53000,11861,0.08,Cash
ALSI43544,ALSI,20-Mar-19,P,53000,-4000,-0.92,Cash
ALSI43544,ALSI,20-Mar-19,C,54000,3500,0.05,Cash
ALSI43544,ALSI,20-Mar-19,P,54000,-250,-0.95,Cash
ALSI43544,ALSI,20-Mar-19,C,55000,7266,0.04,Cash
ALSI43544,ALSI,20-Mar-19,P,55000,-1500,-0.96,Cash
ALSI43544,ALSI,20-Mar-19,P,55050,-60,-0.96,Cash
ALSI43544,ALSI,20-Mar-19,C,56000,1000,0.03,Cash
ALSI43544,ALSI,20-Mar-19,C,56500,2400,0.02,Cash
ALSI43544,ALSI,20-Mar-19,C,58500,218,0.01,Cash
ALSI43544,ALSI,20-Mar-19,C,59250,16,0.01,Cash
ALSI43636,ALSI,20-Jun-19,P,40000,-1500,-0.21,Cash
ALSI43636,ALSI,20-Jun-19,P,42000,-1000,-0.28,Cash
ALSI43636,ALSI,20-Jun-19,P,43000,-2500,-0.33,Cash
ALSI43636,ALSI,20-Jun-19,P,43500,-250,-0.35,Cash
ALSI43636,ALSI,20-Jun-19,P,44500,-201,-0.4,Cash
ALSI43636,ALSI,20-Jun-19,P,44700,-25,-0.41,Cash
ALSI43636,ALSI,20-Jun-19,P,45000,-500,-0.43,Cash
ALSI43636,ALSI,20-Jun-19,P,45800,-238,-0.47,Cash
ALSI43636,ALSI,20-Jun-19,P,46000,-750,-0.48,Cash
ALSI43636,ALSI,20-Jun-19,P,47750,-343,-0.58,Cash
ALSI43636,ALSI,20-Jun-19,P,48500,-25,-0.62,Cash
ALSI43636,ALSI,20-Jun-19,C,49000,1000,0.35,Cash
ALSI43636,ALSI,20-Jun-19,P,49000,-1000,-0.65,Cash
ALSI43636,ALSI,20-Jun-19,P,49250,-500,-0.66,Cash
ALSI43636,ALSI,20-Jun-19,P,49500,-1000,-0.68,Cash
ALSI43636,ALSI,20-Jun-19,P,50000,-2000,-0.71,Cash
ALSI43636,ALSI,20-Jun-19,C,50350,16,0.28,Cash
ALSI43636,ALSI,20-Jun-19,P,50750,-116,-0.74,Cash
ALSI43636,ALSI,20-Jun-19,C,51300,238,0.23,Cash
ALSI43636,ALSI,20-Jun-19,C,52000,1500,0.2,Cash
ALSI43636,ALSI,20-Jun-19,P,52000,-500,-0.8,Cash
ALSI43636,ALSI,20-Jun-19,C,53000,1500,0.16,Cash
ALSI43636,ALSI,20-Jun-19,C,53500,110,0.14,Cash
ALSI43636,ALSI,20-Jun-19,P,53500,-600,-0.86,Cash
ALSI43636,ALSI,20-Jun-19,C,54000,2500,0.13,Cash
ALSI43636,ALSI,20-Jun-19,P,54000,-500,-0.87,Cash
ALSI43636,ALSI,20-Jun-19,C,55000,1500,0.1,Cash
ALSI43636,ALSI,20-Jun-19,C,57600,16,0.05,Cash
ALSI43636,ALSI,20-Jun-19,C,59500,500,0.03,Cash
ALSI43636,ALSI,20-Jun-19,C,60900,141,0.02,Cash
ALSI43636,ALSI,20-Jun-19,C,62850,343,0.01,Cash
ALSI43727,ALSI,19-Sep-19,P,43500,-162,-0.35,Cash
ALSI43727,ALSI,19-Sep-19,P,44000,-4500,-0.37,Cash
ALSI43727,ALSI,19-Sep-19,P,45000,-199,-0.41,Cash
ALSI43727,ALSI,19-Sep-19,P,46000,-1000,-0.45,Cash
ALSI43727,ALSI,19-Sep-19,C,48000,2500,0.45,Cash
ALSI43727,ALSI,19-Sep-19,P,49400,-500,-0.61,Cash
ALSI43727,ALSI,19-Sep-19,C,50000,1500,0.36,Cash
ALSI43727,ALSI,19-Sep-19,P,50000,-1000,-0.64,Cash
ALSI43727,ALSI,19-Sep-19,C,50300,17,0.34,Cash
ALSI43727,ALSI,19-Sep-19,C,52000,1000,0.27,Cash
ALSI43727,ALSI,19-Sep-19,C,53000,2500,0.23,Cash
ALSI43727,ALSI,19-Sep-19,P,53000,-162,-0.77,Cash
ALSI43727,ALSI,19-Sep-19,C,54000,500,0.19,Cash
ALSI43727,ALSI,19-Sep-19,C,55000,500,0.16,Cash
ALSI43727,ALSI,19-Sep-19,C,57500,1000,0.1,Cash
ALSI43727,ALSI,19-Sep-19,C,57900,17,0.09,Cash
ALSI43727,ALSI,19-Sep-19,C,61000,710,0.04,Cash
ALSI43818,ALSI,19-Dec-19,P,38000,-238,-0.18,Cash
ALSI43818,ALSI,19-Dec-19,P,39000,-2000,-0.2,Cash
ALSI43818,ALSI,19-Dec-19,P,40000,-743,-0.23,Cash
ALSI43818,ALSI,19-Dec-19,P,43500,-1000,-0.34,Cash
ALSI43818,ALSI,19-Dec-19,P,44000,-180,-0.36,Cash
ALSI43818,ALSI,19-Dec-19,P,45000,-743,-0.39,Cash
ALSI43818,ALSI,19-Dec-19,C,45800,77,0.58,Cash
ALSI43818,ALSI,19-Dec-19,P,45800,-238,-0.42,Cash
ALSI43818,ALSI,19-Dec-19,C,46000,3000,0.57,Cash
ALSI43818,ALSI,19-Dec-19,P,49000,-500,-0.55,Cash
ALSI43818,ALSI,19-Dec-19,P,50000,-2000,-0.59,Cash
ALSI43818,ALSI,19-Dec-19,C,52000,3000,0.33,Cash
ALSI43818,ALSI,19-Dec-19,C,54500,315,0.23,Cash
ALSI43818,ALSI,19-Dec-19,C,56500,1000,0.17,Cash
ALSI43909,ALSI,19-Mar-20,P,51000,-250,-0.59,Cash
ALSI44000,ALSI,18-Jun-20,P,53000,-500,-0.63,Cash
ALSI44000,ALSI,18-Jun-20,C,56000,7,0.28,Cash
ALSI44000,ALSI,18-Jun-20,P,56000,-7,-0.72,Cash
ALSI44000,ALSI,18-Jun-20,C,57000,10,0.25,Cash
ALSI44000,ALSI,18-Jun-20,P,57000,-10,-0.75,Cash
ALSI44000,ALSI,18-Jun-20,P,60000,-250,-0.82,Cash
ALSI44000,ALSI,18-Jun-20,C,62000,1000,0.14,Cash
ALSX43430,ALSX,26-Nov-18,C,46343,435,0.12,Cash
ALSX43431,ALSX,27-Nov-18,C,46199.72,435,0.17,Cash
ALSX43433,ALSX,29-Nov-18,C,46259,500,0.18,Cash
ALSX43434,ALSX,30-Nov-18,C,46619,435,0.14,Cash
ALSX43437,ALSX,03-Dec-18,C,47348,435,0.08,Cash
ALSX43438,ALSX,04-Dec-18,C,48037.4,435,0.05,Cash
ALSX43444,ALSX,10-Dec-18,C,48491.79,435,0.06,Cash
ALSX43446,ALSX,12-Dec-18,C,47382.62,435,0.16,Cash
ALSX43448,ALSX,14-Dec-18,C,47736.26,250,0.14,Cash
ALSX43573,ALSX,18-Apr-19,P,48474.51,-301,-0.66,Cash
APN43454,APN,20-Dec-18,P,133.25,-26729950,-0.15,Cash
APN43454,APN,20-Dec-18,P,148.05,-29698830,-0.4,Cash
APN43454,APN,20-Dec-18,C,162.5,32597500,0.3,Cash
APN43454,APN,20-Dec-18,P,180,-92934000,-0.92,Cash
APN43454,APN,20-Dec-18,P,228.19,-27268705,-1,Cash
APN43636,APN,20-Jun-19,C,291.5,4285050,0,Cash
BAT43454,BAT,20-Dec-18,C,41.7,2018280,0.01,Cash
BID43454,BID,20-Dec-18,C,330,111771000,0.01,Physical
BID43544,BID,20-Mar-19,C,332.97,59934600,0.13,Cash
BIL43454,BIL,20-Dec-18,P,230,-92598000,-0.02,Physical
BIL43454,BIL,20-Dec-18,P,240,-96384000,-0.04,Physical
BIL43454,BIL,20-Dec-18,P,280,-218232000,-0.38,Physical
BIL43454,BIL,20-Dec-18,P,300,-48630000,-0.65,Physical
BIL43454,BIL,20-Dec-18,C,320,106432000,0.14,Physical
BIL43454,BIL,20-Dec-18,P,320,-198784000,-0.86,Physical
BIL43544,BIL,20-Mar-19,P,280,-190708000,-0.41,Physical
BIL43544,BIL,20-Mar-19,C,320,206528000,0.31,Physical
BIL43636,BIL,20-Jun-19,P,280,-74116000,-0.38,Physical
BTI43454,BTI,20-Dec-18,P,590,-33099000,-0.99,Physical
BTI43454,BTI,20-Dec-18,P,600,-1800000,-0.99,Cash
BTI43454,BTI,20-Dec-18,C,630,8190000,0,Physical
BTI43454,BTI,20-Dec-18,P,655,-29409500,-1,Physical
BTI43454,BTI,20-Dec-18,P,690,-2070000,-1,Cash
BTI43544,BTI,20-Mar-19,P,501.92,-155294048,-0.49,Cash
BTI43544,BTI,20-Mar-19,P,622.38,-192564372,-0.9,Cash
BTI43544,BTI,20-Mar-19,C,650,51415000,0.06,Physical
BTI43544,BTI,20-Mar-19,C,800,63280000,0,Physical
BTI43544,BTI,20-Mar-19,C,803.08,248472952,0,Cash
BTI43727,BTI,19-Sep-19,P,510,-103785000,-0.46,Physical
BTI43727,BTI,19-Sep-19,C,561,114163500,0.4,Physical
BTI43727,BTI,19-Sep-19,C,610,124135000,0.29,Physical
BTI43818,BTI,19-Dec-19,P,390,-156897000,-0.16,Physical
BTI43818,BTI,19-Dec-19,P,415,-1660000,-0.2,Cash
BTI43818,BTI,19-Dec-19,P,500,-1500000,-0.43,Cash
BTI43818,BTI,19-Dec-19,C,520,104624000,0.52,Physical
BTI43818,BTI,19-Dec-19,C,595,1785000,0.33,Cash
BTI43818,BTI,19-Dec-19,C,670,269541000,0.23,Physical
CFR43454,CFR,20-Dec-18,P,105,-42409500,-0.98,Physical
CFR43454,CFR,20-Dec-18,C,110,50094000,0,Physical
CFR43454,CFR,20-Dec-18,P,110,-93610000,-1,Physical
CFR43454,CFR,20-Dec-18,P,115,-44286500,-1,Physical
CFR43544,CFR,20-Mar-19,P,100,-49630000,-0.67,Physical
CFR43544,CFR,20-Mar-19,C,115,50715000,0.05,Physical
CFR43544,CFR,20-Mar-19,P,130,-48984000,-1,Physical
CFR43818,CFR,19-Dec-19,P,96,-1920000,-0.4,Cash
CFR43818,CFR,19-Dec-19,C,126,2520000,0.17,Cash
CLS43454,CLS,20-Dec-18,P,135,-13500000,0,Physical
CLS43454,CLS,20-Dec-18,P,165.48,-16001916,-0.13,Cash
CLS43454,CLS,20-Dec-18,P,196.51,-19002517,-0.74,Cash
CLS43454,CLS,20-Dec-18,C,241.29,23332743,0,Cash
CPI43454,CPI,20-Dec-18,P,875.7,-2889810,0,Physical
CPI43454,CPI,20-Dec-18,P,900,-44190000,-0.01,Physical
CPI43454,CPI,20-Dec-18,P,950,-46075000,-0.04,Physical
CPI43454,CPI,20-Dec-18,C,1090.1,3815350,0.52,Physical
CPI43454,CPI,20-Dec-18,P,1100,-130020000,-0.52,Physical
CPI43454,CPI,20-Dec-18,C,1150,56465000,0.24,Physical
CPI43454,CPI,20-Dec-18,C,1178.85,3536550,0.14,Physical
CPI43636,CPI,20-Jun-19,P,796.16,-21575936,-0.08,Cash
CPI43636,CPI,20-Jun-19,C,928.85,25171835,0.81,Cash
CPI43636,CPI,20-Jun-19,C,930,50778000,0.83,Physical
CPI43636,CPI,20-Jun-19,P,1100,-50490000,-0.42,Physical
CPI43636,CPI,20-Jun-19,C,1150.01,31165271,0.5,Cash
DCAP43454,DCAP,20-Dec-18,P,14600,-1500,-0.13,Cash
DCAP43454,DCAP,20-Dec-18,P,14630,-1924,-0.13,Cash
DCAP43454,DCAP,20-Dec-18,P,15000,-881,-0.21,Cash
DCAP43454,DCAP,20-Dec-18,P,15300,-984,-0.3,Cash
DCAP43454,DCAP,20-Dec-18,P,15570,-1924,-0.39,Cash
DCAP43454,DCAP,20-Dec-18,P,15800,-13,-0.49,Cash
DCAP43454,DCAP,20-Dec-18,C,16100,3190,0.39,Cash
DCAP43454,DCAP,20-Dec-18,P,16560,-100,-0.79,Cash
DCAP43454,DCAP,20-Dec-18,P,16710,-525,-0.84,Cash
DCAP43454,DCAP,20-Dec-18,C,16750,1924,0.15,Cash
DCAP43454,DCAP,20-Dec-18,P,16770,-2077,-0.86,Cash
DCAP43454,DCAP,20-Dec-18,P,17000,-881,-0.92,Cash
DCAP43454,DCAP,20-Dec-18,P,17500,-5403,-0.98,Cash
DCAP43454,DCAP,20-Dec-18,P,17520,-326,-0.98,Cash
DCAP43454,DCAP,20-Dec-18,P,18000,-867,-0.99,Cash
DCAP43454,DCAP,20-Dec-18,P,18060,-1887,-0.99,Cash
DCAP43454,DCAP,20-Dec-18,C,19340,525,0,Cash
DCAP43454,DCAP,20-Dec-18,C,19440,2077,0,Cash
DCAP43544,DCAP,20-Mar-19,P,13900,-918,-0.14,Cash
DCAP43544,DCAP,20-Mar-19,P,15000,-909,-0.29,Cash
DCAP43544,DCAP,20-Mar-19,P,15500,-918,-0.39,Cash
DCAP43544,DCAP,20-Mar-19,P,16420,-23,-0.58,Cash
DCAP43544,DCAP,20-Mar-19,P,16500,-2000,-0.6,Cash
DCAP43544,DCAP,20-Mar-19,P,16560,-100,-0.61,Cash
DCAP43544,DCAP,20-Mar-19,P,16640,-2658,-0.63,Cash
DCAP43544,DCAP,20-Mar-19,P,17000,-909,-0.71,Cash
DCAP43544,DCAP,20-Mar-19,C,19200,5450,0.03,Cash
DCAP43636,DCAP,20-Jun-19,P,16420,-305,-0.53,Cash
DCAP43636,DCAP,20-Jun-19,P,16770,-1151,-0.59,Cash
DCAP43636,DCAP,20-Jun-19,P,17310,-1675,-0.69,Cash
DCAP43727,DCAP,19-Sep-19,P,14770,-525,-0.3,Cash
DCAP43727,DCAP,19-Sep-19,P,16770,-1151,-0.55,Cash
DSY43454,DSY,20-Dec-18,P,146.49,-8994486,-0.11,Cash
DSY43454,DSY,20-Dec-18,P,152.12,-176702592,-0.24,Physical
DSY43454,DSY,20-Dec-18,P,160,-190544000,-0.45,Physical
DSY43454,DSY,20-Dec-18,P,162.77,-9994078,-0.53,Cash
DSY43454,DSY,20-Dec-18,C,175,115902500,0.16,Physical
DSY43454,DSY,20-Dec-18,C,180,87264000,0.08,Physical
DSY43454,DSY,20-Dec-18,C,188,11543200,0.03,Cash
DSY43636,DSY,20-Jun-19,P,125,-124187500,-0.13,Physical
DSY43636,DSY,20-Jun-19,C,170,101796000,0.51,Physical
DSY43636,DSY,20-Jun-19,C,185,123339500,0.36,Physical
DSY43636,DSY,20-Jun-19,C,200,239520000,0.23,Physical
DSY43818,DSY,19-Dec-19,P,120,-234756000,-0.08,Physical
DSY43818,DSY,19-Dec-19,P,150,-146745000,-0.27,Physical
DTOP43454,DTOP,20-Dec-18,P,8760,-1014,-0.05,Cash
DTOP43454,DTOP,20-Dec-18,P,9290,-507,-0.18,Cash
DTOP43454,DTOP,20-Dec-18,P,9730,-1014,-0.4,Cash
DTOP43454,DTOP,20-Dec-18,P,10000,-10068,-0.58,Cash
DTOP43454,DTOP,20-Dec-18,P,10120,-507,-0.66,Cash
DTOP43454,DTOP,20-Dec-18,P,10270,-2160,-0.76,Cash
DTOP43454,DTOP,20-Dec-18,P,10340,-7811,-0.8,Cash
DTOP43454,DTOP,20-Dec-18,P,10400,-6043,-0.83,Cash
DTOP43454,DTOP,20-Dec-18,C,10500,2500,0.12,Cash
DTOP43454,DTOP,20-Dec-18,P,10500,-12500,-0.88,Cash
DTOP43454,DTOP,20-Dec-18,C,10550,1200,0.1,Cash
DTOP43454,DTOP,20-Dec-18,P,10600,-100,-0.91,Cash
DTOP43454,DTOP,20-Dec-18,P,10690,-2568,-0.94,Cash
DTOP43454,DTOP,20-Dec-18,P,10740,-4350,-0.95,Cash
DTOP43454,DTOP,20-Dec-18,P,10830,-4536,-0.97,Cash
DTOP43454,DTOP,20-Dec-18,P,10840,-4536,-0.97,Cash
DTOP43454,DTOP,20-Dec-18,P,10940,-223,-0.98,Cash
DTOP43454,DTOP,20-Dec-18,P,10950,-4313,-0.98,Cash
DTOP43454,DTOP,20-Dec-18,P,11000,-19400,-0.99,Cash
DTOP43454,DTOP,20-Dec-18,P,11060,-2160,-0.99,Cash
DTOP43454,DTOP,20-Dec-18,P,11200,-1370,-0.99,Cash
DTOP43454,DTOP,20-Dec-18,P,11280,-4536,-0.99,Cash
DTOP43454,DTOP,20-Dec-18,P,11400,-223,-1,Cash
DTOP43454,DTOP,20-Dec-18,P,11410,-4313,-1,Cash
DTOP43454,DTOP,20-Dec-18,C,11500,17500,0,Cash
DTOP43454,DTOP,20-Dec-18,P,11500,-7500,-1,Cash
DTOP43454,DTOP,20-Dec-18,C,11550,2568,0,Cash
DTOP43454,DTOP,20-Dec-18,P,11860,-6480,-1,Cash
DTOP43454,DTOP,20-Dec-18,P,11920,-7811,-1,Cash
DTOP43454,DTOP,20-Dec-18,C,12000,26250,0,Cash
DTOP43454,DTOP,20-Dec-18,P,12000,-2500,-1,Cash
DTOP43454,DTOP,20-Dec-18,C,12100,7500,0,Cash
DTOP43544,DTOP,20-Mar-19,C,8910,267,0.82,Cash
DTOP43544,DTOP,20-Mar-19,P,9250,-1778,-0.26,Cash
DTOP43544,DTOP,20-Mar-19,P,9420,-4536,-0.31,Cash
DTOP43544,DTOP,20-Mar-19,P,9820,-4536,-0.43,Cash
DTOP43544,DTOP,20-Mar-19,P,9920,-4536,-0.46,Cash
DTOP43544,DTOP,20-Mar-19,P,9960,-6325,-0.47,Cash
DTOP43544,DTOP,20-Mar-19,P,10000,-15170,-0.49,Cash
DTOP43544,DTOP,20-Mar-19,C,10040,1778,0.5,Cash
DTOP43544,DTOP,20-Mar-19,P,10450,-4536,-0.65,Cash
DTOP43544,DTOP,20-Mar-19,P,10490,-8576,-0.66,Cash
DTOP43544,DTOP,20-Mar-19,P,10500,-2500,-0.66,Cash
DTOP43544,DTOP,20-Mar-19,C,10670,1778,0.27,Cash
DTOP43544,DTOP,20-Mar-19,P,10740,-6325,-0.75,Cash
DTOP43544,DTOP,20-Mar-19,P,10910,-285,-0.81,Cash
DTOP43544,DTOP,20-Mar-19,C,11000,5000,0.16,Cash
DTOP43544,DTOP,20-Mar-19,P,11000,-9000,-0.84,Cash
DTOP43544,DTOP,20-Mar-19,P,11120,-750,-0.86,Cash
DTOP43544,DTOP,20-Mar-19,C,11500,2500,0.07,Cash
DTOP43544,DTOP,20-Mar-19,P,11500,-2500,-0.93,Cash
DTOP43544,DTOP,20-Mar-19,C,11600,4536,0.06,Cash
DTOP43544,DTOP,20-Mar-19,P,11660,-8576,-0.95,Cash
DTOP43544,DTOP,20-Mar-19,P,11860,-2160,-0.97,Cash
DTOP43544,DTOP,20-Mar-19,C,12000,5000,0.03,Cash
DTOP43544,DTOP,20-Mar-19,P,12000,-5000,-0.97,Cash
DTOP43544,DTOP,20-Mar-19,C,12450,6325,0.01,Cash
DTOP43544,DTOP,20-Mar-19,C,12500,17500,0.01,Cash
DTOP43544,DTOP,20-Mar-19,C,12600,2214,0.01,Cash
DTOP43544,DTOP,20-Mar-19,C,12660,2214,0.01,Cash
DTOP43544,DTOP,20-Mar-19,C,13000,5000,0,Cash
DTOP43544,DTOP,20-Mar-19,C,13410,8576,0,Cash
DTOP43544,DTOP,20-Mar-19,C,13500,2500,0,Cash
DTOP43636,DTOP,20-Jun-19,P,8710,-12050,-0.19,Cash
DTOP43636,DTOP,20-Jun-19,P,9250,-13000,-0.28,Cash
DTOP43636,DTOP,20-Jun-19,P,9330,-5114,-0.3,Cash
DTOP43636,DTOP,20-Jun-19,P,9420,-10017,-0.32,Cash
DTOP43636,DTOP,20-Jun-19,P,9500,-2500,-0.34,Cash
DTOP43636,DTOP,20-Jun-19,P,9620,-5114,-0.36,Cash
DTOP43636,DTOP,20-Jun-19,P,9820,-578,-0.41,Cash
DTOP43636,DTOP,20-Jun-19,P,9880,-578,-0.43,Cash
DTOP43636,DTOP,20-Jun-19,P,9940,-676,-0.44,Cash
DTOP43636,DTOP,20-Jun-19,P,9950,-8233,-0.44,Cash
DTOP43636,DTOP,20-Jun-19,P,10000,-10000,-0.46,Cash
DTOP43636,DTOP,20-Jun-19,P,10080,-578,-0.48,Cash
DTOP43636,DTOP,20-Jun-19,P,10300,-578,-0.53,Cash
DTOP43636,DTOP,20-Jun-19,P,10500,-2500,-0.59,Cash
DTOP43636,DTOP,20-Jun-19,P,10540,-1476,-0.6,Cash
DTOP43636,DTOP,20-Jun-19,P,10710,-8233,-0.65,Cash
DTOP43636,DTOP,20-Jun-19,C,11000,2500,0.26,Cash
DTOP43636,DTOP,20-Jun-19,P,11000,-7500,-0.74,Cash
DTOP43636,DTOP,20-Jun-19,P,11050,-676,-0.75,Cash
DTOP43636,DTOP,20-Jun-19,P,11120,-750,-0.77,Cash
DTOP43636,DTOP,20-Jun-19,P,11200,-578,-0.78,Cash
DTOP43636,DTOP,20-Jun-19,C,11500,15500,0.16,Cash
DTOP43636,DTOP,20-Jun-19,P,11500,-2500,-0.84,Cash
DTOP43636,DTOP,20-Jun-19,C,11710,9439,0.12,Cash
DTOP43636,DTOP,20-Jun-19,C,11950,7500,0.09,Cash
DTOP43636,DTOP,20-Jun-19,C,12000,24000,0.09,Cash
DTOP43636,DTOP,20-Jun-19,P,12000,-5000,-0.91,Cash
DTOP43636,DTOP,20-Jun-19,C,12650,578,0.04,Cash
DTOP43636,DTOP,20-Jun-19,C,12700,8233,0.04,Cash
DTOP43636,DTOP,20-Jun-19,C,12740,676,0.04,Cash
DTOP43636,DTOP,20-Jun-19,C,13000,21000,0.03,Cash
DTOP43636,DTOP,20-Jun-19,C,13170,13100,0.02,Cash
DTOP43636,DTOP,20-Jun-19,C,13500,2500,0.02,Cash
DTOP43636,DTOP,20-Jun-19,C,13860,1476,0.01,Cash
DTOP43727,DTOP,19-Sep-19,P,8850,-1920,-0.22,Cash
DTOP43727,DTOP,19-Sep-19,C,10000,5000,0.56,Cash
DTOP43727,DTOP,19-Sep-19,P,10080,-9000,-0.45,Cash
DTOP43727,DTOP,19-Sep-19,P,10420,-1920,-0.53,Cash
DTOP43727,DTOP,19-Sep-19,P,11000,-7500,-0.68,Cash
DTOP43727,DTOP,19-Sep-19,C,11670,1920,0.18,Cash
DTOP43727,DTOP,19-Sep-19,C,12530,9000,0.07,Cash
DTOP43818,DTOP,19-Dec-19,P,7880,-400,-0.14,Cash
DTOP43818,DTOP,19-Dec-19,P,9360,-400,-0.3,Cash
DTOP43818,DTOP,19-Dec-19,P,9620,-741,-0.34,Cash
DTOP43818,DTOP,19-Dec-19,P,11000,-2500,-0.62,Cash
DTOP43818,DTOP,19-Dec-19,C,12000,5000,0.18,Cash
DTOP43818,DTOP,19-Dec-19,C,12150,741,0.16,Cash
DTOX43431,DTOX,27-Nov-18,C,10160.22,1200,0.14,Cash
DTOX43501,DTOX,05-Feb-19,C,12765.5,1569,0,Cash
DTOX43504,DTOX,08-Feb-19,C,12898.59,7022,0,Cash
DTOX43538,DTOX,14-Mar-19,C,13146.44,4322,0,Cash
DTOX43558,DTOX,03-Apr-19,C,12613.2,1832,0.02,Cash
DTOX43578,DTOX,23-Apr-19,C,12636.43,9154,0.02,Cash
DTOX43600,DTOX,15-May-19,C,12965.89,6588,0.02,Cash
DTOX43607,DTOX,22-May-19,C,13022.8,1742,0.02,Cash
FFA43454,FFA,20-Dec-18,C,17.2,13760000,0.53,Physical
FFA43454,FFA,20-Dec-18,C,17.6,7920000,0.36,Physical
FFA43454,FFA,20-Dec-18,C,17.98,14704044,0.22,Cash
FSR43454,FSR,20-Dec-18,P,50,-205630000,0,Physical
FSR43454,FSR,20-Dec-18,P,57.02,-172896044,-0.04,Physical
FSR43454,FSR,20-Dec-18,C,62,103626800,0.83,Physical
FSR43454,FSR,20-Dec-18,P,62,-147622000,-0.17,Physical
FSR43454,FSR,20-Dec-18,P,65,-47937500,-0.32,Physical
FSR43454,FSR,20-Dec-18,C,69,5175000,0.46,Physical
FSR43454,FSR,20-Dec-18,P,70,-47425000,-0.6,Physical
FSR43544,FSR,20-Mar-19,P,60,-149094000,-0.23,Physical
FSR43636,FSR,20-Jun-19,C,60.39,26118675,0.74,Cash
FSR43636,FSR,20-Jun-19,C,73.68,31866600,0.43,Cash
GLN43454,GLN,20-Dec-18,P,58.6,-97006440,-0.8,Physical
GLN43544,GLN,20-Mar-19,C,60,77268000,0.31,Physical
GRT43454,GRT,20-Dec-18,P,26,-94442400,-0.91,Physical
GRT43636,GRT,20-Jun-19,C,27,2700000,0.13,Cash
HAR43454,HAR,20-Dec-18,C,24.07,3008750,0.54,Cash
HAR43454,HAR,20-Dec-18,C,27.21,3401250,0.25,Cash
HMN43454,HMN,20-Dec-18,C,94.55,21179200,0,Cash
IMP43454,IMP,20-Dec-18,C,22.13,11503174,0.99,Cash
IMP43454,IMP,20-Dec-18,C,22.85,3000205,0.98,Cash
IMP43454,IMP,20-Dec-18,C,25.67,3370471,0.93,Cash
INP43454,INP,20-Dec-18,P,93.96,-2818800,-0.9,Physical
INP43544,INP,20-Mar-19,P,94,-1598000,-0.62,Cash
INP43544,INP,20-Mar-19,C,117,3510000,0.04,Cash
IPL43454,IPL,20-Dec-18,P,170,-90117000,-0.95,Cash
IPL43454,IPL,20-Dec-18,P,190,-90535000,-1,Cash
IPL43454,IPL,20-Dec-18,P,220,-92730000,-1,Physical
IPL43636,IPL,20-Jun-19,P,210,-48846000,-0.86,Physical
LHC43454,LHC,20-Dec-18,C,29.36,1999416,0.02,Cash
MEI43454,MEI,20-Dec-18,P,94.59,-15995169,-1,Cash
MEI43454,MEI,20-Dec-18,P,112.33,-18995003,-1,Cash
MND43454,MND,20-Dec-18,P,324.3,-2594400,-0.58,Physical
MRP43454,MRP,20-Dec-18,P,208.77,-48267624,-0.25,Cash
MRP43454,MRP,20-Dec-18,P,230,-50761000,-0.56,Physical
MRP43454,MRP,20-Dec-18,P,231.97,-26815732,-0.59,Cash
MTN43454,MTN,20-Dec-18,P,55,-7375500,0,Cash
MTN43454,MTN,20-Dec-18,C,75,10057500,0.89,Cash
MTN43454,MTN,20-Dec-18,P,75.57,-14403642,-0.12,Cash
MTN43454,MTN,20-Dec-18,P,83.96,-16002776,-0.42,Cash
MTN43454,MTN,20-Dec-18,P,85,-24072000,-0.47,Physical
MTN43454,MTN,20-Dec-18,C,90,17316000,0.27,Cash
MTN43454,MTN,20-Dec-18,C,91.27,17396062,0.22,Cash
MTN43454,MTN,20-Dec-18,P,92.25,-22509000,-0.82,Physical
MTN43454,MTN,20-Dec-18,P,95,-88806000,-0.9,Cash
MTN43454,MTN,20-Dec-18,P,95.18,-10802930,-0.9,Cash
MTN43454,MTN,20-Dec-18,P,97.17,-24292500,-0.94,Cash
MTN43454,MTN,20-Dec-18,C,98,5713400,0.05,Cash
MTN43454,MTN,20-Dec-18,C,100,46790000,0.03,Physical
MTN43454,MTN,20-Dec-18,P,100,-95180000,-0.97,Physical
MTN43454,MTN,20-Dec-18,P,110,-44352000,-1,Physical
MTN43454,MTN,20-Dec-18,P,114.09,-4495146,-1,Cash
MTN43544,MTN,20-Mar-19,P,95,-95000000,-0.65,Physical
MTN43544,MTN,20-Mar-19,P,95.94,-33751692,-0.67,Cash
MTN43544,MTN,20-Mar-19,P,99.6,-109560000,-0.74,Physical
MTN43544,MTN,20-Mar-19,C,111.93,31497102,0.09,Cash
MTN43544,MTN,20-Mar-19,P,118.28,-130108000,-0.96,Physical
MTN43544,MTN,20-Mar-19,C,125,125000000,0.02,Physical
MTN43544,MTN,20-Mar-19,C,132.45,37271430,0.01,Cash
MTN43636,MTN,20-Jun-19,P,63.53,-494993995,-0.12,Physical
MTN43636,MTN,20-Jun-19,C,74.12,577505980,0.73,Physical
MTN43636,MTN,20-Jun-19,C,91.77,715025955,0.37,Physical
MTN43727,MTN,19-Sep-19,P,76.51,-40259562,-0.33,Cash
MTN43727,MTN,19-Sep-19,C,91.81,38652010,0.42,Cash
MTN43727,MTN,19-Sep-19,C,120.67,50802070,0.11,Cash
NNS43454,NNS,20-Dec-18,C,2800,2800000,0.3,Physical
NNS43454,NNS,20-Dec-18,C,3300,4950000,0.01,Physical
NNS43636,NNS,20-Jun-19,C,3500,35000000,0.22,Cash
NNS43727,NNS,19-Sep-19,P,1850,-240500000,-0.11,Cash
NNS43727,NNS,19-Sep-19,C,2700,116100000,0.6,Cash
NNS44273,NNS,18-Mar-21,C,2700,116100000,0.7,Cash
NNS44273,NNS,18-Mar-21,P,8000,-160000000,-1,Cash
NNS44273,NNS,18-Mar-21,P,8500,-170000000,-1,Cash
NOM43454,NOM,20-Dec-18,C,33.52,3352000,0.21,Physical
NPN43454,NPN,20-Dec-18,P,2356,-200966800,-0.16,Physical
NPN43454,NPN,20-Dec-18,P,2400,-50640000,-0.2,Physical
NPN43454,NPN,20-Dec-18,P,2500,-78500000,-0.31,Physical
NPN43454,NPN,20-Dec-18,P,2500,-2500000,-0.31,Cash
NPN43454,NPN,20-Dec-18,P,2510,-9287000,-0.32,Cash
NPN43454,NPN,20-Dec-18,P,2597.4,-2597400,-0.43,Physical
NPN43454,NPN,20-Dec-18,C,2600,5200000,0.56,Physical
NPN43454,NPN,20-Dec-18,C,2700,5400000,0.44,Physical
NPN43454,NPN,20-Dec-18,P,2762.7,-276270000,-0.64,Cash
NPN43454,NPN,20-Dec-18,P,2797.75,-238648075,-0.68,Physical
NPN43454,NPN,20-Dec-18,C,2800,67480000,0.32,Physical
NPN43454,NPN,20-Dec-18,P,2800,-47880000,-0.68,Physical
NPN43454,NPN,20-Dec-18,C,2849.7,10543890,0.27,Cash
NPN43454,NPN,20-Dec-18,C,2900,11600000,0.22,Physical
NPN43454,NPN,20-Dec-18,P,2992.76,-70030584,-0.85,Cash
NPN43454,NPN,20-Dec-18,C,3000,18000000,0.14,Physical
NPN43454,NPN,20-Dec-18,P,3000,-289500000,-0.86,Physical
NPN43454,NPN,20-Dec-18,P,3000,-4500000,-0.86,Cash
NPN43454,NPN,20-Dec-18,C,3078.79,3078790,0.1,Physical
NPN43454,NPN,20-Dec-18,C,3131.96,11588252,0.08,Cash
NPN43454,NPN,20-Dec-18,P,3134.91,-62071218,-0.93,Cash
NPN43454,NPN,20-Dec-18,P,3168.97,-316897000,-0.94,Cash
NPN43454,NPN,20-Dec-18,C,3200,12800000,0.05,Physical
NPN43454,NPN,20-Dec-18,C,3300,54780000,0.03,Physical
NPN43454,NPN,20-Dec-18,P,3332.84,-77988456,-0.98,Cash
NPN43454,NPN,20-Dec-18,P,3334.9,-66031020,-0.98,Cash
NPN43454,NPN,20-Dec-18,C,3400,51680000,0.02,Physical
NPN43454,NPN,20-Dec-18,C,3500,225050000,0.01,Physical
NPN43454,NPN,20-Dec-18,C,3500,5250000,0.01,Cash
NPN43454,NPN,20-Dec-18,C,3700,14800000,0,Physical
NPN43454,NPN,20-Dec-18,C,3762.24,320919072,0,Physical
NPN43454,NPN,20-Dec-18,C,3800,294120000,0,Physical
NPN43454,NPN,20-Dec-18,C,3923.91,116540127,0,Cash
NPN43544,NPN,20-Mar-19,P,1919.25,-276947775,-0.06,Cash
NPN43544,NPN,20-Mar-19,P,2000,-76400000,-0.08,Physical
NPN43544,NPN,20-Mar-19,P,2151.05,-84751370,-0.14,Cash
NPN43544,NPN,20-Mar-19,P,2175.24,-44809944,-0.15,Cash
NPN43544,NPN,20-Mar-19,P,2390.05,-94167970,-0.27,Cash
NPN43544,NPN,20-Mar-19,P,2431.05,-201777150,-0.29,Cash
NPN43544,NPN,20-Mar-19,P,2475,-400702500,-0.32,Physical
NPN43544,NPN,20-Mar-19,P,2500,-46500000,-0.34,Physical
NPN43544,NPN,20-Mar-19,P,2617.2,-449896680,-0.41,Physical
NPN43544,NPN,20-Mar-19,P,2664.66,-54891996,-0.45,Cash
NPN43544,NPN,20-Mar-19,C,2800,53760000,0.46,Physical
NPN43544,NPN,20-Mar-19,P,2800,-88760000,-0.54,Physical
NPN43544,NPN,20-Mar-19,C,2918.01,114969594,0.38,Cash
NPN43544,NPN,20-Mar-19,P,2940,-475986000,-0.63,Physical
NPN43544,NPN,20-Mar-19,P,2978.26,-10126084,-0.66,Cash
NPN43544,NPN,20-Mar-19,P,3000,-363300000,-0.67,Physical
NPN43544,NPN,20-Mar-19,P,3000,-3000000,-0.67,Cash
NPN43544,NPN,20-Mar-19,P,3079.9,-923970,-0.72,Cash
NPN43544,NPN,20-Mar-19,C,3198.75,265496250,0.22,Cash
NPN43544,NPN,20-Mar-19,C,3200,59520000,0.22,Physical
NPN43544,NPN,20-Mar-19,P,3300,-9900000,-0.83,Physical
NPN43544,NPN,20-Mar-19,C,3344.2,574867980,0.16,Physical
NPN43544,NPN,20-Mar-19,C,3400,225760000,0.13,Physical
NPN43544,NPN,20-Mar-19,P,3433.76,-11674784,-0.88,Cash
NPN43544,NPN,20-Mar-19,C,3534.76,72816056,0.09,Cash
NPN43544,NPN,20-Mar-19,C,3600,121320000,0.08,Physical
NPN43544,NPN,20-Mar-19,C,3890.4,1167120,0.03,Cash
NPN43544,NPN,20-Mar-19,C,4000,341200000,0.02,Physical
NPN43544,NPN,20-Mar-19,C,4000,6000000,0.02,Cash
NPN43544,NPN,20-Mar-19,C,4085,661361500,0.01,Physical
NPN43544,NPN,20-Mar-19,C,4227.38,14373092,0.01,Cash
NPN43636,NPN,20-Jun-19,P,2300,-8050000,-0.25,Cash
NPN43636,NPN,20-Jun-19,P,2572.1,-102112370,-0.37,Cash
NPN43636,NPN,20-Jun-19,C,2800,55440000,0.53,Physical
NPN43636,NPN,20-Jun-19,P,2800,-287280000,-0.47,Physical
NPN43636,NPN,20-Jun-19,C,3000,84000000,0.43,Physical
NPN43636,NPN,20-Jun-19,P,3000,-93300000,-0.57,Physical
NPN43636,NPN,20-Jun-19,C,3026,120132200,0.42,Cash
NPN43636,NPN,20-Jun-19,C,3100,10850000,0.39,Cash
NPN43636,NPN,20-Jun-19,P,3200,-145280000,-0.65,Physical
NPN43636,NPN,20-Jun-19,C,3400,348840000,0.27,Physical
NPN43636,NPN,20-Jun-19,C,3800,232940000,0.14,Physical
NPN43636,NPN,20-Jun-19,C,3933.8,156171860,0.11,Cash
NPN43636,NPN,20-Jun-19,C,4000,180000000,0.1,Physical
NPN43727,NPN,19-Sep-19,P,2050,-47560000,-0.14,Physical
NPN43727,NPN,19-Sep-19,P,2214.57,-22145700,-0.2,Cash
NPN43727,NPN,19-Sep-19,P,2227.9,-255094550,-0.21,Cash
NPN43727,NPN,19-Sep-19,P,2235.5,-27943750,-0.21,Cash
NPN43727,NPN,19-Sep-19,P,2280,-30324000,-0.23,Cash
NPN43727,NPN,19-Sep-19,P,2300,-40020000,-0.23,Physical
NPN43727,NPN,19-Sep-19,P,2328,-63554400,-0.25,Cash
NPN43727,NPN,19-Sep-19,P,2400,-134400000,-0.28,Physical
NPN43727,NPN,19-Sep-19,P,2418.25,-2418250,-0.28,Cash
NPN43727,NPN,19-Sep-19,P,2460.75,-9350850,-0.3,Cash
NPN43727,NPN,19-Sep-19,P,2500,-58000000,-0.32,Physical
NPN43727,NPN,19-Sep-19,P,2621.06,-300111370,-0.37,Cash
NPN43727,NPN,19-Sep-19,P,2630,-32875000,-0.37,Cash
NPN43727,NPN,19-Sep-19,C,2768.21,27682100,0.57,Cash
NPN43727,NPN,19-Sep-19,C,2800,53760000,0.55,Physical
NPN43727,NPN,19-Sep-19,P,2800,-274680000,-0.45,Physical
NPN43727,NPN,19-Sep-19,P,2845,-2845000,-0.46,Cash
NPN43727,NPN,19-Sep-19,C,2850,37905000,0.53,Cash
NPN43727,NPN,19-Sep-19,P,2895,-11001000,-0.49,Cash
NPN43727,NPN,19-Sep-19,P,2908.9,-285072200,-0.49,Cash
NPN43727,NPN,19-Sep-19,C,2910,79443000,0.51,Cash
NPN43727,NPN,19-Sep-19,P,3200,-211200000,-0.6,Physical
NPN43727,NPN,19-Sep-19,C,3300,76560000,0.36,Physical
NPN43727,NPN,19-Sep-19,C,3400,190400000,0.33,Physical
NPN43727,NPN,19-Sep-19,C,3525.33,403650285,0.28,Cash
NPN43727,NPN,19-Sep-19,C,3551.29,44391125,0.27,Cash
NPN43727,NPN,19-Sep-19,C,3598.67,35986700,0.26,Cash
NPN43727,NPN,19-Sep-19,C,3705,49276500,0.23,Cash
NPN43727,NPN,19-Sep-19,C,3750.95,367593100,0.21,Cash
NPN43727,NPN,19-Sep-19,C,3783,103275900,0.21,Cash
NPN43727,NPN,19-Sep-19,C,3840.75,3840750,0.19,Cash
NPN43727,NPN,19-Sep-19,C,3908.25,14851350,0.17,Cash
NPN43727,NPN,19-Sep-19,C,3948.51,127142022,0.16,Cash
NPN43727,NPN,19-Sep-19,C,4000,322800000,0.15,Physical
NPN43727,NPN,19-Sep-19,C,4294.01,276104843,0.09,Cash
NPN43727,NPN,19-Sep-19,C,4550,300300000,0.06,Physical
NPN43818,NPN,19-Dec-19,P,2100,-590310000,-0.16,Physical
NPN43818,NPN,19-Dec-19,P,2300,-41860000,-0.23,Physical
NPN43818,NPN,19-Dec-19,P,2302.77,-440059347,-0.23,Physical
NPN43818,NPN,19-Dec-19,C,4123.39,787979829,0.2,Cash
NPN43818,NPN,19-Dec-19,C,4200,1180620000,0.19,Physical
NPN43818,NPN,19-Dec-19,C,4317.69,825110559,0.17,Physical
NRP43454,NRP,20-Dec-18,P,122,-1512800,-0.57,Cash
NTC43636,NTC,20-Jun-19,C,27.96,15397572,0.38,Cash
NXD43544,NXD,20-Mar-19,C,345,1138500,0.15,Cash
OMA43454,OMA,20-Dec-18,P,40,-2400000,-0.44,Cash
OMA43454,OMA,20-Dec-18,C,47,2820000,0.03,Cash
PIK43454,PIK,20-Dec-18,P,65,-24940500,-0.3,Physical
PIK43727,PIK,19-Sep-19,P,64,-33337600,-0.32,Physical
PIK43727,PIK,19-Sep-19,P,70,-36463000,-0.45,Physical
PIK43727,PIK,19-Sep-19,C,79,41151100,0.37,Physical
PSG43454,PSG,20-Dec-18,P,210,-5250000,-0.06,Physical
PSG43454,PSG,20-Dec-18,C,230,5589000,0.65,Physical
RDF43454,RDF,20-Dec-18,P,11,-98566600,-0.96,Physical
REM43454,REM,20-Dec-18,P,180,-1440000,-0.08,Cash
REM43454,REM,20-Dec-18,P,200,-2000000,-0.47,Cash
REM43454,REM,20-Dec-18,C,230,2300000,0.02,Cash
RNI43454,RNI,20-Dec-18,P,245,-9800000,-0.98,Physical
RNI43544,RNI,20-Mar-19,P,208.2,-8328000,-0.4,Physical
RNI43544,RNI,20-Mar-19,P,235,-16450000,-0.67,Physical
RNI43544,RNI,20-Mar-19,P,240,-21600000,-0.72,Physical
RNI43544,RNI,20-Mar-19,P,250,-7500000,-0.8,Physical
RNI43544,RNI,20-Mar-19,C,328.13,9843900,0,Physical
SAP43544,SAP,20-Mar-19,P,79.46,-12030244,-0.45,Cash
SAP43544,SAP,20-Mar-19,C,90.2,13656280,0.3,Cash
SAP43544,SAP,20-Mar-19,C,107.69,16304266,0.07,Cash
SBK43454,SBK,20-Dec-18,P,150,-46005000,-0.1,Physical
SBK43454,SBK,20-Dec-18,P,150.15,-2477475,-0.11,Physical
SBK43454,SBK,20-Dec-18,P,163.55,-36160905,-0.39,Cash
SBK43454,SBK,20-Dec-18,P,180,-47664000,-0.82,Physical
SBK43454,SBK,20-Dec-18,P,185,-73889000,-0.9,Physical
SBK43454,SBK,20-Dec-18,C,200,287360000,0.01,Physical
SBK43454,SBK,20-Dec-18,P,200,-47560000,-0.99,Physical
SBK43544,SBK,20-Mar-19,P,160,-412880000,-0.35,Physical
SBK43544,SBK,20-Mar-19,P,170,-47974000,-0.46,Physical
SBK43544,SBK,20-Mar-19,P,193,-268984100,-0.69,Physical
SBK43544,SBK,20-Mar-19,C,230,320551000,0.08,Physical
SBK43636,SBK,20-Jun-19,C,166.5,232051050,0.55,Physical
SBK43636,SBK,20-Jun-19,C,203.7,31369800,0.2,Cash
SBK43636,SBK,20-Jun-19,C,248.51,38270540,0.02,Cash
SGL43454,SGL,20-Dec-18,P,9.78,-22489110,-0.62,Cash
SGL43454,SGL,20-Dec-18,P,9.9,-22499730,-0.66,Cash
SGL43454,SGL,20-Dec-18,P,10.87,-24995565,-0.91,Cash
SGL43454,SGL,20-Dec-18,P,11,-24999700,-0.92,Cash
SGL43454,SGL,20-Dec-18,C,11.96,27502020,0.01,Cash
SGL43454,SGL,20-Dec-18,C,12.69,28840563,0,Cash
SHP43454,SHP,20-Dec-18,P,186.3,-10805400,-0.32,Cash
SHP43454,SHP,20-Dec-18,C,268.95,11591745,0,Cash
SHP43544,SHP,20-Mar-19,P,180,-93600000,-0.29,Physical
SHP43636,SHP,20-Jun-19,C,190,99598000,0.63,Physical
SHP43636,SHP,20-Jun-19,C,220,115324000,0.38,Physical
SLM43454,SLM,20-Dec-18,P,69.48,-12346596,-0.17,Cash
SLM43454,SLM,20-Dec-18,P,69.75,-4498875,-0.18,Cash
SLM43454,SLM,20-Dec-18,P,70,-48279000,-0.18,Physical
SLM43454,SLM,20-Dec-18,P,75,-94357500,-0.38,Physical
SLM43454,SLM,20-Dec-18,P,75.58,-15116000,-0.41,Cash
SLM43454,SLM,20-Dec-18,C,76.61,13613597,0.55,Cash
SLM43454,SLM,20-Dec-18,C,87.77,15596729,0.12,Cash
SLM43454,SLM,20-Dec-18,C,89.13,5748885,0.09,Cash
SLM43454,SLM,20-Dec-18,P,94.47,-18894000,-0.97,Cash
SLM43454,SLM,20-Dec-18,C,105.74,21148000,0,Cash
SLM43636,SLM,20-Jun-19,P,63.94,-12602574,-0.19,Cash
SNH43454,SNH,20-Dec-18,P,56,-91056000,-1,Physical
SOL43454,SOL,20-Dec-18,P,380,-225948000,-0.05,Physical
SOL43454,SOL,20-Dec-18,P,400,-46800000,-0.13,Physical
SOL43454,SOL,20-Dec-18,P,402.14,-2412840,-0.15,Physical
SOL43454,SOL,20-Dec-18,P,430.2,-13508280,-0.38,Cash
SOL43454,SOL,20-Dec-18,C,432.97,2987493,0.59,Cash
SOL43454,SOL,20-Dec-18,P,445,-264597000,-0.54,Physical
SOL43454,SOL,20-Dec-18,P,470.25,-3291750,-0.78,Physical
SOL43454,SOL,20-Dec-18,P,475,-46645000,-0.82,Physical
SOL43454,SOL,20-Dec-18,C,476.36,3096340,0.17,Physical
SOL43454,SOL,20-Dec-18,C,492.5,3398250,0.08,Cash
SOL43454,SOL,20-Dec-18,C,500,58500000,0.06,Physical
SOL43454,SOL,20-Dec-18,C,501.01,15731714,0.05,Cash
SOL43454,SOL,20-Dec-18,C,515,398043500,0.02,Physical
SOL43454,SOL,20-Dec-18,P,515,-47689000,-0.98,Physical
SOL43454,SOL,20-Dec-18,P,525,-51292500,-0.99,Physical
SOL43454,SOL,20-Dec-18,C,527.09,2635450,0.01,Cash
SOL43454,SOL,20-Dec-18,C,536.07,3216420,0.01,Physical
SOL43454,SOL,20-Dec-18,C,548.72,17229808,0,Cash
SOL43544,SOL,20-Mar-19,P,400,-237840000,-0.25,Physical
SOL43544,SOL,20-Mar-19,C,495,294327000,0.26,Physical
SOL43544,SOL,20-Mar-19,P,500,-48250000,-0.76,Physical
SOL43544,SOL,20-Mar-19,P,500,-2500000,-0.76,Cash
SOL43544,SOL,20-Mar-19,P,515,-47689000,-0.82,Physical
SOL43544,SOL,20-Mar-19,C,570,3420000,0.05,Cash
SOL43544,SOL,20-Mar-19,C,609.61,3048050,0.01,Cash
SOL43636,SOL,20-Jun-19,P,400,-2000000,-0.25,Cash
SOL43636,SOL,20-Jun-19,P,445,-2225000,-0.43,Cash
SOL43636,SOL,20-Jun-19,C,530,2650000,0.25,Cash
TBS43454,TBS,20-Dec-18,P,241.68,-17014272,-0.1,Cash
TBS43454,TBS,20-Dec-18,P,270.11,-19015744,-0.45,Cash
TBS43454,TBS,20-Dec-18,C,305.8,21528320,0.08,Cash
TBS43454,TBS,20-Dec-18,P,320,-48608000,-0.98,Physical
TFG43454,TFG,20-Dec-18,P,150,-43860000,-0.23,Physical
TFG43544,TFG,20-Mar-19,P,152.16,-12020640,-0.34,Cash
TFG43544,TFG,20-Mar-19,C,172.73,13645670,0.42,Cash
TFG43544,TFG,20-Mar-19,C,204.88,16185520,0.15,Cash
TFG43636,TFG,20-Jun-19,C,189,26044200,0.37,Cash
TFG43636,TFG,20-Jun-19,C,230.5,31762900,0.15,Cash
VKE43454,VKE,20-Dec-18,P,18.06,-28500486,-0.13,Cash
VOD43454,VOD,20-Dec-18,P,106.99,-25602707,-0.19,Physical
VOD43454,VOD,20-Dec-18,P,116.2,-81003020,-0.5,Cash
VOD43454,VOD,20-Dec-18,C,120,47316000,0.36,Physical
VOD43454,VOD,20-Dec-18,P,120,-48588000,-0.64,Physical
VOD43454,VOD,20-Dec-18,P,123.28,-10799328,-0.75,Cash
VOD43454,VOD,20-Dec-18,P,126.35,-19003040,-0.83,Cash
VOD43454,VOD,20-Dec-18,P,127.05,-30403065,-0.85,Physical
VOD43454,VOD,20-Dec-18,C,140,55202000,0.01,Physical
VOD43454,VOD,20-Dec-18,C,142.31,21403424,0.01,Cash
VOD43544,VOD,20-Mar-19,P,105.26,-20567804,-0.24,Physical
VOD43544,VOD,20-Mar-19,P,108.4,-22319560,-0.29,Physical
VOD43544,VOD,20-Mar-19,P,124.99,-24423046,-0.61,Physical
VOD43544,VOD,20-Mar-19,P,128.73,-26505507,-0.68,Physical
VOD43636,VOD,20-Jun-19,P,105,-4756500,-0.24,Physical
VOD43636,VOD,20-Jun-19,P,120,-5436000,-0.46,Physical
WHL43454,WHL,20-Dec-18,C,50,52190000,0.85,Physical
WHL43454,WHL,20-Dec-18,P,50,-15000,-0.15,Physical
WHL43454,WHL,20-Dec-18,C,60,62502000,0.06,Physical
WHL43454,WHL,20-Dec-18,P,60,-150264000,-0.94,Physical
WHL43454,WHL,20-Dec-18,C,62.57,2972075,0.01,Cash
WHL43544,WHL,20-Mar-19,P,50,-45730000,-0.29,Physical
WHL43544,WHL,20-Mar-19,C,60,62502000,0.27,Physical
YMEZ43678,YMEZ,01-Aug-19,P,211,-8887,-0.09,Cash
YMEZ43678,YMEZ,01-Aug-19,P,239.13,-8887,-0.23,Cash
YMEZ43678,YMEZ,01-Aug-19,P,253.2,-8887,-0.34,Cash
YMEZ43678,YMEZ,01-Aug-19,P,267.26,-8887,-0.51,Cash
YMEZ43678,YMEZ,01-Aug-19,C,303.84,8887,0.06,Cash
YMEZ43678,YMEZ,01-Aug-19,C,304.68,8887,0.05,Cash
YMEZ43710,YMEZ,02-Sep-19,P,217.73,-4203,-0.07,Cash
YMEZ43710,YMEZ,02-Sep-19,P,246.76,-4203,-0.28,Cash
YMEZ43710,YMEZ,02-Sep-19,P,261.27,-4203,-0.43,Cash
YMEZ43710,YMEZ,02-Sep-19,P,275.79,-4203,-0.59,Cash
YMEZ43710,YMEZ,02-Sep-19,C,314.39,4203,0.12,Cash
YMEZ43710,YMEZ,02-Sep-19,C,315.56,4203,0.12,Cash
YOA43500,YOA,04-Feb-19,P,267.79,-3347375,-0.56,Physical
YOB43543,YOB,19-Mar-19,P,81,-1123964100,-0.41,Physical
